Thursday, 11 May 2023~|~7:06:47 pm~|~Who was the most interesting person I interacted with today?~|~w
Thursday, 11 May 2023~|~7:06:49 pm~|~How did I see the hand of the Lord in my life today?~|~f
Thursday, 11 May 2023~|~7:06:51 pm~|~What was the strongest emotion I felt today?~|~d
Thursday, 11 May 2023~|~7:06:55 pm~|~If I had one thing I could do over today, what would it be?~|~gf
Thursday, 11 May 2023~|~7:07:06 pm~|~What was the best part of my day?~|~ds
Thursday, 11 May 2023~|~7:09:16 pm~|~What is you greatest strength?~|~codeing
Thursday, 11 May 2023~|~7:10:35 pm~|~alptop or desktop?~|~desktop
Thursday, 11 May 2023~|~7:10:43 pm~|~food or sleep?~|~sleep
Thursday, 11 May 2023~|~7:10:51 pm~|~what is your hobby?~|~chess
Thursday, 11 May 2023~|~7:11:09 pm~|~none~|~yes
